Buill,,,,
Seconds,X Coordinate, Y Coordinate,,
5500,353.8224852071006,209.32544378698225,,
5533,351.47928994082844,209.32544378698225,,
5566,347.5739644970414,214.79289940828403,,
5599,348.35502958579883,207.76331360946747,,
5632,353.0414201183432,210.10650887573965,,
5665,353.8224852071006,219.4792899408284,,
5698,342.1065088757397,224.9467455621302,,
